TEAM_ID,TEAM_NAME,GAME_ID,GAME_DATE,OFF_RATING,DEF_RATING,E_OFF_RATING,E_DEF_RATING,AST_PCT,REB_PCT,PACE,E_PACE
1610612749,Bucks,22400052,2024-12-03,126.7,104.9,124.0,105.2,0.578,0.466,101.5,102.46
1610612765,Pistons,22400052,2024-12-03,104.9,126.7,105.2,124.0,0.55,0.534,101.5,102.46
1610612757,Trail Blazers,22400060,2024-12-03,114.1,138.0,111.7,133.0,0.61,0.463,92.0,94.76
1610612746,Clippers,22400060,2024-12-03,138.0,114.1,133.0,111.7,0.617,0.538,92.0,94.76
1610612761,Raptors,22400054,2024-12-03,113.0,103.7,112.2,102.5,0.636,0.551,107.5,108.54
1610612754,Pacers,22400054,2024-12-03,103.7,113.0,102.5,112.2,0.553,0.449,107.5,108.54
1610612758,Kings,22400059,2024-12-03,127.7,116.8,120.2,110.7,0.702,0.41,94.5,100.02
1610612745,Rockets,22400059,2024-12-03,116.8,127.7,110.7,120.2,0.341,0.59,94.5,100.02
1610612764,Wizards,22400051,2024-12-03,83.7,114.6,85.3,113.5,0.563,0.538,103.5,103.0
1610612739,Cavaliers,22400051,2024-12-03,114.6,83.7,113.5,85.3,0.721,0.462,103.5,103.0
1610612744,Warriors,22400058,2024-12-03,107.5,112.3,106.2,112.9,0.818,0.573,106.5,106.82
1610612743,Nuggets,22400058,2024-12-03,112.3,107.5,112.9,106.2,0.8,0.427,106.5,106.82
1610612755,76ers,22400050,2024-12-03,118.3,111.8,116.0,111.4,0.684,0.429,93.0,94.06
1610612766,Hornets,22400050,2024-12-03,111.8,118.3,111.4,116.0,0.647,0.571,93.0,94.06
1610612762,Jazz,22400055,2024-12-03,110.4,137.1,108.5,133.2,0.553,0.506,96.5,98.76
1610612760,Thunder,22400055,2024-12-03,137.1,110.4,133.2,108.5,0.604,0.494,96.5,98.76
1610612749,Bucks,22400323,2024-12-04,100.0,114.4,100.6,107.5,0.697,0.417,104.0,107.04
1610612737,Hawks,22400323,2024-12-04,114.4,100.0,107.5,100.6,0.644,0.583,104.0,107.04
1610612748,Heat,22400321,2024-12-04,139.6,96.9,138.2,95.5,0.808,0.581,96.0,97.16
1610612747,Lakers,22400321,2024-12-04,96.9,139.6,95.5,138.2,0.784,0.419,96.0,97.16
1610612765,Pistons,22400319,2024-12-04,117.6,128.7,116.6,121.5,0.628,0.447,101.5,104.96
1610612738,Celtics,22400319,2024-12-04,128.7,117.6,121.5,116.6,0.667,0.553,101.5,104.96
1610612755,76ers,22400322,2024-12-04,113.3,119.1,108.1,116.2,0.575,0.473,89.5,92.8
1610612753,Magic,22400322,2024-12-04,119.1,113.3,116.2,108.1,0.512,0.527,89.5,92.8
1610612750,Timberwolves,22400324,2024-12-04,106.9,80.0,107.0,78.6,0.756,0.52,100.5,101.32
1610612746,Clippers,22400324,2024-12-04,80.0,106.9,78.6,107.0,0.448,0.48,100.5,101.32
1610612754,Pacers,22400320,2024-12-04,92.8,103.1,94.1,97.9,0.625,0.453,96.5,98.4
1610612751,Nets,22400320,2024-12-04,103.1,92.8,97.9,94.1,0.686,0.547,96.5,98.4
1610612764,Wizards,22400326,2024-12-05,96.2,130.5,95.6,131.9,0.641,0.422,105.0,104.74
1610612742,Mavericks,22400326,2024-12-05,130.5,96.2,131.9,95.6,0.563,0.578,105.0,104.74
1610612756,Suns,22400330,2024-12-05,119.2,122.3,119.9,117.8,0.744,0.515,103.5,105.22
1610612740,Pelicans,22400330,2024-12-05,122.3,119.2,117.8,119.9,0.489,0.485,103.5,105.22
1610612743,Nuggets,22400325,2024-12-05,104.6,115.6,101.2,115.6,0.543,0.524,109.0,110.86
1610612739,Cavaliers,22400325,2024-12-05,115.6,104.6,115.6,101.2,0.681,0.476,109.0,110.86
1610612745,Rockets,22400332,2024-12-05,95.9,102.1,95.4,102.2,0.571,0.477,97.0,97.18
1610612744,Warriors,22400332,2024-12-05,102.1,95.9,102.2,95.4,0.528,0.523,97.0,97.18
1610612759,Spurs,22400331,2024-12-05,117.0,131.1,114.6,128.6,0.591,0.459,106.0,108.14
1610612741,Bulls,22400331,2024-12-05,131.1,117.0,128.6,114.6,0.692,0.541,106.0,108.14
1610612761,Raptors,22400328,2024-12-05,88.5,122.9,86.1,125.9,0.75,0.513,104.5,104.64
1610612760,Thunder,22400328,2024-12-05,122.9,88.5,125.9,86.1,0.571,0.487,104.5,104.64
1610612758,Kings,22400329,2024-12-05,103.8,107.5,100.6,107.4,0.487,0.486,106.5,108.2
1610612763,Grizzlies,22400329,2024-12-05,107.5,103.8,107.4,100.6,0.711,0.514,106.5,108.2
1610612752,Knicks,22400327,2024-12-05,134.4,109.8,134.3,107.0,0.707,0.522,92.5,93.74
1610612766,Hornets,22400327,2024-12-05,109.8,134.4,107.0,134.3,0.675,0.478,92.5,93.74
1610612747,Lakers,22400334,2024-12-06,115.8,116.5,114.7,115.8,0.647,0.461,103.7,104.48
1610612737,Hawks,22400334,2024-12-06,116.5,115.8,115.8,114.7,0.8,0.539,103.7,104.48
1610612762,Jazz,22400339,2024-12-06,134.3,95.2,129.2,92.1,0.642,0.632,104.5,108.3
1610612757,Trail Blazers,22400339,2024-12-06,95.2,134.3,92.1,129.2,0.622,0.368,104.5,108.3
1610612755,76ers,22400333,2024-12-06,107.4,97.9,104.3,95.5,0.605,0.489,95.5,98.12
1610612753,Magic,22400333,2024-12-06,97.9,107.4,95.5,104.3,0.636,0.511,95.5,98.12
1610612749,Bucks,22400335,2024-12-06,110.5,118.1,106.6,119.3,0.4,0.559,94.5,95.76
1610612738,Celtics,22400335,2024-12-06,118.1,110.5,119.3,106.6,0.675,0.441,94.5,95.76
1610612750,Timberwolves,22400338,2024-12-06,107.0,90.9,100.8,88.7,0.8,0.56,99.5,103.82
1610612744,Warriors,22400338,2024-12-06,90.9,107.0,88.7,100.8,0.656,0.44,99.5,103.82
1610612754,Pacers,22400336,2024-12-06,126.9,118.3,127.8,115.7,0.635,0.516,104.0,104.78
1610612741,Bulls,22400336,2024-12-06,118.3,126.9,115.7,127.8,0.717,0.484,104.0,104.78
1610612759,Spurs,22400337,2024-12-06,109.7,135.9,106.4,133.9,0.718,0.495,103.0,105.38
1610612758,Kings,22400337,2024-12-06,135.9,109.7,133.9,106.4,0.647,0.505,103.0,105.38
1610612761,Raptors,22400344,2024-12-07,113.5,117.9,111.4,123.4,0.86,0.454,105.0,103.6
1610612742,Mavericks,22400344,2024-12-07,117.9,113.5,123.4,111.4,0.553,0.546,105.0,103.6
1610612760,Thunder,22400342,2024-12-07,117.8,106.9,114.2,108.0,0.6,0.557,101.5,102.56
1610612740,Pelicans,22400342,2024-12-07,106.9,117.8,108.0,114.2,0.658,0.443,101.5,102.56
1610612764,Wizards,22400341,2024-12-07,117.3,107.6,116.5,106.7,0.689,0.466,104.5,105.28
1610612743,Nuggets,22400341,2024-12-07,107.6,117.3,106.7,116.5,0.739,0.534,104.5,105.28
1610612756,Suns,22400346,2024-12-07,116.8,127.4,118.1,124.6,0.806,0.489,95.0,95.56
1610612748,Heat,22400346,2024-12-07,127.4,116.8,124.6,118.1,0.667,0.511,95.0,95.56
1610612752,Knicks,22400343,2024-12-07,111.0,117.6,109.0,118.4,0.643,0.422,101.0,101.62
1610612765,Pistons,22400343,2024-12-07,117.6,111.0,118.4,109.0,0.651,0.578,101.0,101.62
1610612763,Grizzlies,22400345,2024-12-07,117.6,111.0,119.7,104.9,0.532,0.487,108.5,110.72
1610612738,Celtics,22400345,2024-12-07,111.0,117.6,104.9,119.7,0.619,0.513,108.5,110.72
1610612739,Cavaliers,22400340,2024-12-07,127.5,110.9,125.3,107.0,0.667,0.563,91.5,93.96
1610612766,Hornets,22400340,2024-12-07,110.9,127.5,107.0,125.3,0.568,0.438,91.5,93.96
1610612756,Suns,22400352,2024-12-08,111.1,115.0,105.1,114.8,0.615,0.5,99.5,102.44
1610612753,Magic,22400352,2024-12-08,115.0,111.1,114.8,105.1,0.405,0.5,99.5,102.44
1610612749,Bucks,22400348,2024-12-08,129.7,122.8,124.1,120.2,0.667,0.528,91.5,94.56
1610612751,Nets,22400348,2024-12-08,122.8,129.7,120.2,124.1,0.585,0.472,91.5,94.56
1610612743,Nuggets,22400350,2024-12-08,131.8,103.7,125.3,104.8,0.768,0.52,107.0,109.22
1610612737,Hawks,22400350,2024-12-08,103.7,131.8,104.8,125.3,0.634,0.48,107.0,109.22
1610612759,Spurs,22400354,2024-12-08,117.5,114.9,116.8,112.4,0.643,0.577,102.0,103.44
1610612740,Pelicans,22400354,2024-12-08,114.9,117.5,112.4,116.8,0.605,0.423,102.0,103.44
1610612748,Heat,22400351,2024-12-08,123.2,116.5,122.7,115.4,0.659,0.593,98.0,98.68
1610612739,Cavaliers,22400351,2024-12-08,116.5,123.2,115.4,122.7,0.61,0.407,98.0,98.68
1610612754,Pacers,22400349,2024-12-08,106.9,110.8,106.2,108.2,0.548,0.398,102.0,103.52
1610612766,Hornets,22400349,2024-12-08,110.8,106.9,108.2,106.2,0.6,0.602,102.0,103.52
1610612764,Wizards,22400353,2024-12-08,103.7,128.4,101.2,122.0,0.465,0.514,108.5,112.72
1610612763,Grizzlies,22400353,2024-12-08,128.4,103.7,122.0,101.2,0.68,0.486,108.5,112.72
1610612746,Clippers,22400356,2024-12-08,111.6,123.2,106.0,121.3,0.512,0.417,95.0,98.24
1610612745,Rockets,22400356,2024-12-08,123.2,111.6,121.3,106.0,0.575,0.583,95.0,98.24
1610612750,Timberwolves,22400355,2024-12-08,111.6,118.8,109.5,116.6,0.611,0.449,95.5,97.3
1610612744,Warriors,22400355,2024-12-08,118.8,111.6,116.6,109.5,0.667,0.551,95.5,97.3
1610612762,Jazz,22400357,2024-12-08,98.0,142.4,96.8,137.5,0.677,0.468,99.0,101.38
1610612758,Kings,22400357,2024-12-08,142.4,98.0,137.5,96.8,0.684,0.532,99.0,101.38
1610612755,76ers,22400347,2024-12-08,104.9,97.1,103.7,95.9,0.581,0.6,103.0,104.22
1610612741,Bulls,22400347,2024-12-08,97.1,104.9,95.9,103.7,0.829,0.4,103.0,104.22
1610612757,Trail Blazers,22400358,2024-12-08,101.0,109.2,98.8,112.3,0.486,0.536,97.5,97.24
1610612747,Lakers,22400358,2024-12-08,109.2,101.0,112.3,98.8,0.658,0.464,97.5,97.24
1610612761,Raptors,22400359,2024-12-09,110.2,118.9,111.5,119.8,0.535,0.582,96.5,95.6
1610612752,Knicks,22400359,2024-12-09,118.9,110.2,119.8,111.5,0.762,0.418,96.5,95.6
1610612753,Magic,22401201,2024-12-10,110.1,116.3,104.9,115.2,0.463,0.574,98.5,101.44
1610612749,Bucks,22401201,2024-12-10,116.3,110.1,115.2,104.9,0.643,0.426,98.5,101.44
1610612760,Thunder,22401203,2024-12-10,118.0,104.0,116.7,103.6,0.63,0.54,100.0,100.72
1610612742,Mavericks,22401203,2024-12-10,104.0,118.0,103.6,116.7,0.658,0.46,100.0,100.72
1610612752,Knicks,22401202,2024-12-11,101.0,108.0,97.5,106.1,0.675,0.443,99.5,102.2
1610612737,Hawks,22401202,2024-12-11,108.0,101.0,106.1,97.5,0.628,0.557,99.5,102.2
1610612745,Rockets,22401204,2024-12-11,98.9,96.8,93.4,90.9,0.605,0.463,92.5,98.18
1610612744,Warriors,22401204,2024-12-11,96.8,98.9,90.9,93.4,0.595,0.537,92.5,98.18
1610612761,Raptors,22401206,2024-12-12,103.0,112.9,102.4,110.6,0.707,0.441,101.0,102.34
1610612748,Heat,22401206,2024-12-12,112.9,103.0,110.6,102.4,0.525,0.559,101.0,102.34
1610612758,Kings,22401207,2024-12-12,113.3,111.2,112.4,110.3,0.649,0.545,98.0,98.78
1610612740,Pelicans,22401207,2024-12-12,111.2,113.3,110.3,112.4,0.564,0.455,98.0,98.78
1610612765,Pistons,22401205,2024-12-12,98.0,123.0,97.6,120.9,0.643,0.471,100.5,101.56
1610612738,Celtics,22401205,2024-12-12,123.0,98.0,120.9,97.6,0.739,0.529,100.5,101.56
1610612763,Grizzlies,22401211,2024-12-13,127.4,112.3,123.6,107.8,0.635,0.54,106.0,109.8
1610612751,Nets,22401211,2024-12-13,112.3,127.4,107.8,123.6,0.714,0.46,106.0,109.8
1610612746,Clippers,22401213,2024-12-13,92.5,112.1,93.4,111.0,0.649,0.384,106.5,106.5
1610612743,Nuggets,22401213,2024-12-13,112.1,92.5,111.0,93.4,0.548,0.616,106.5,106.5
1610612755,76ers,22401209,2024-12-13,109.2,122.2,108.0,120.4,0.486,0.541,98.5,99.78
1610612754,Pacers,22401209,2024-12-13,122.2,109.2,120.4,108.0,0.745,0.459,98.5,99.78
1610612764,Wizards,22401208,2024-12-13,107.1,115.0,102.1,111.0,0.585,0.472,99.0,103.22
1610612739,Cavaliers,22401208,2024-12-13,115.0,107.1,111.0,102.1,0.75,0.528,99.0,103.22
1610612762,Jazz,22401214,2024-12-13,132.6,141.1,131.7,138.4,0.698,0.475,95.0,96.24
1610612756,Suns,22401214,2024-12-13,141.1,132.6,138.4,131.7,0.766,0.525,95.0,96.24
1610612750,Timberwolves,22401210,2024-12-13,98.0,87.9,96.5,86.6,0.514,0.478,99.0,100.52
1610612747,Lakers,22401210,2024-12-13,87.9,98.0,86.6,96.5,0.515,0.522,99.0,100.52
1610612759,Spurs,22401215,2024-12-13,121.6,120.8,122.6,119.0,0.727,0.548,96.5,96.86
1610612757,Trail Blazers,22401215,2024-12-13,120.8,121.6,119.0,122.6,0.595,0.452,96.5,96.86
1610612741,Bulls,22401212,2024-12-13,103.8,90.5,102.8,88.6,0.73,0.488,105.0,106.62
1610612766,Hornets,22401212,2024-12-13,90.5,103.8,88.6,102.8,0.629,0.512,105.0,106.62
1610612749,Bucks,22401229,2024-12-14,104.8,98.1,104.9,99.1,0.718,0.529,104.5,103.92
1610612737,Hawks,22401229,2024-12-14,98.1,104.8,99.1,104.9,0.657,0.471,104.5,103.92
1610612760,Thunder,22401230,2024-12-14,112.1,97.0,108.7,92.3,0.528,0.455,99.0,103.04
1610612745,Rockets,22401230,2024-12-14,97.0,112.1,92.3,108.7,0.486,0.545,99.0,103.04
1610612759,Spurs,22401218,2024-12-15,92.9,106.0,90.2,100.9,0.919,0.487,99.5,103.5
1610612750,Timberwolves,22401218,2024-12-15,106.0,92.9,100.9,90.2,0.65,0.513,99.5,103.5
1610612744,Warriors,22401228,2024-12-15,131.7,141.6,129.3,137.5,0.796,0.458,101.0,103.42
1610612742,Mavericks,22401228,2024-12-15,141.6,131.7,137.5,129.3,0.692,0.542,101.0,103.42
1610612763,Grizzlies,22401220,2024-12-15,100.0,105.5,96.3,103.4,0.658,0.56,110.0,113.18
1610612747,Lakers,22401220,2024-12-15,105.5,100.0,103.4,96.3,0.59,0.44,110.0,113.18
1610612753,Magic,22401227,2024-12-15,96.8,106.4,94.1,104.0,0.667,0.474,94.0,96.46
1610612752,Knicks,22401227,2024-12-15,106.4,96.8,104.0,94.1,0.606,0.526,94.0,96.46
1610612740,Pelicans,22401216,2024-12-15,103.0,116.7,98.0,117.2,0.474,0.538,101.5,103.84
1610612754,Pacers,22401216,2024-12-15,116.7,103.0,117.2,98.0,0.805,0.462,101.5,103.84
1610612757,Trail Blazers,22401219,2024-12-15,111.2,118.4,108.2,120.4,0.714,0.515,98.0,98.54
1610612756,Suns,22401219,2024-12-15,118.4,111.2,120.4,108.2,0.535,0.485,98.0,98.54
1610612764,Wizards,22401217,2024-12-15,94.2,109.8,96.5,106.1,0.55,0.466,103.0,103.54
1610612738,Celtics,22401217,2024-12-15,109.8,94.2,106.1,96.5,0.65,0.534,103.0,103.54
1610612748,Heat,22401221,2024-12-16,108.8,108.7,109.2,108.6,0.667,0.447,103.7,103.55
1610612765,Pistons,22401221,2024-12-16,108.7,108.8,108.6,109.2,0.727,0.553,103.7,103.55
1610612755,76ers,22401222,2024-12-16,118.6,105.9,116.1,104.6,0.512,0.538,102.0,103.72
1610612766,Hornets,22401222,2024-12-16,105.9,118.6,104.6,116.1,0.714,0.462,102.0,103.72
1610612761,Raptors,22401223,2024-12-16,112.0,110.9,106.9,111.6,0.622,0.525,109.0,111.26
1610612741,Bulls,22401223,2024-12-16,110.9,112.0,111.6,106.9,0.767,0.475,109.0,111.26
1610612762,Jazz,22401226,2024-12-16,101.9,139.8,100.8,137.0,0.611,0.482,104.0,105.64
1610612746,Clippers,22401226,2024-12-16,139.8,101.9,137.0,100.8,0.571,0.518,104.0,105.64
1610612758,Kings,22401225,2024-12-16,118.3,118.2,116.4,115.5,0.571,0.425,109.5,111.68
1610612743,Nuggets,22401225,2024-12-16,118.2,118.3,115.5,116.4,0.745,0.575,109.5,111.68
1610612739,Cavaliers,22401224,2024-12-16,132.7,104.1,131.6,96.6,0.767,0.527,97.5,101.66
1610612751,Nets,22401224,2024-12-16,104.1,132.7,96.6,131.6,0.735,0.473,97.5,101.66
1610612760,Thunder,62400001,2024-12-17,83.5,101.0,82.1,98.1,0.448,0.454,96.5,98.8
1610612749,Bucks,62400001,2024-12-17,101.0,83.5,98.1,82.1,0.735,0.546,96.5,98.8
1610612758,Kings,22400372,2024-12-19,95.2,107.6,96.5,106.4,0.73,0.429,105.0,104.94
1610612747,Lakers,22400372,2024-12-19,107.6,95.2,106.4,96.5,0.579,0.571,105.0,104.94
1610612756,Suns,22400369,2024-12-19,108.8,115.4,107.4,116.9,0.7,0.48,103.0,102.98
1610612754,Pacers,22400369,2024-12-19,115.4,108.8,116.9,107.4,0.769,0.52,103.0,102.98
1610612761,Raptors,22400364,2024-12-19,101.1,109.8,99.8,103.4,0.765,0.394,92.5,95.9
1610612751,Nets,22400364,2024-12-19,109.8,101.1,103.4,99.8,0.545,0.606,92.5,95.9
1610612763,Grizzlies,22400366,2024-12-19,137.1,89.4,135.1,85.7,0.717,0.606,104.5,107.58
1610612744,Warriors,22400366,2024-12-19,89.4,137.1,85.7,135.1,0.625,0.394,104.5,107.58
1610612740,Pelicans,22400365,2024-12-19,111.9,133.0,108.7,131.2,0.61,0.5,100.5,102.68
1610612745,Rockets,22400365,2024-12-19,133.0,111.9,131.2,108.7,0.68,0.5,100.5,102.68
1610612762,Jazz,22400360,2024-12-19,113.5,109.2,116.0,108.3,0.59,0.602,110.0,109.28
1610612765,Pistons,22400360,2024-12-19,109.2,113.5,108.3,116.0,0.565,0.398,110.0,109.28
1610612746,Clippers,22400368,2024-12-19,120.4,96.9,118.6,91.9,0.682,0.52,98.0,101.4
1610612742,Mavericks,22400368,2024-12-19,96.9,120.4,91.9,118.6,0.618,0.48,98.0,101.4
1610612753,Magic,22400361,2024-12-19,104.2,109.4,100.0,106.0,0.714,0.533,95.5,99.02
1610612760,Thunder,22400361,2024-12-19,109.4,104.2,106.0,100.0,0.575,0.467,95.5,99.02
1610612764,Wizards,22400362,2024-12-19,121.8,112.9,119.8,109.7,0.805,0.491,101.0,103.26
1610612766,Hornets,22400362,2024-12-19,112.9,121.8,109.7,119.8,0.698,0.509,101.0,103.26
1610612752,Knicks,22400367,2024-12-19,129.1,104.9,129.1,105.2,0.78,0.62,102.5,102.38
1610612750,Timberwolves,22400367,2024-12-19,104.9,129.1,105.2,129.1,0.707,0.38,102.5,102.38
1610612759,Spurs,22400370,2024-12-19,113.7,109.6,110.7,107.5,0.653,0.468,105.06,107.48
1610612737,Hawks,22400370,2024-12-19,109.6,113.7,107.5,110.7,0.696,0.532,105.06,107.48
1610612757,Trail Blazers,22400371,2024-12-19,126.0,125.3,122.9,124.9,0.644,0.526,99.5,100.9
1610612743,Nuggets,22400371,2024-12-19,125.3,126.0,124.9,122.9,0.745,0.474,99.5,100.9
1610612741,Bulls,22400363,2024-12-19,119.4,110.2,114.7,108.8,0.548,0.554,98.0,100.64
1610612738,Celtics,22400363,2024-12-19,110.2,119.4,108.8,114.7,0.553,0.446,98.0,100.64
1610612749,Bucks,22400374,2024-12-20,95.3,118.1,98.1,116.8,0.575,0.49,105.5,104.54
1610612739,Cavaliers,22400374,2024-12-20,118.1,95.3,116.8,98.1,0.652,0.51,105.5,104.54
1610612760,Thunder,22400375,2024-12-20,107.2,100.0,108.9,93.4,0.615,0.485,97.0,99.64
1610612748,Heat,22400375,2024-12-20,100.0,107.2,93.4,108.9,0.556,0.515,97.0,99.64
1610612755,76ers,22400373,2024-12-20,117.4,107.7,113.8,107.4,0.732,0.495,91.5,93.08
1610612766,Hornets,22400373,2024-12-20,107.7,117.4,107.4,113.8,0.611,0.505,91.5,93.08
1610612752,Knicks,22400384,2024-12-21,110.6,98.9,108.8,98.6,0.632,0.49,94.0,94.98
1610612740,Pelicans,22400384,2024-12-21,98.9,110.6,98.6,108.8,0.676,0.51,94.0,94.98
1610612758,Kings,22400376,2024-12-21,102.1,105.1,99.8,105.9,0.641,0.495,97.5,98.2
1610612747,Lakers,22400376,2024-12-21,105.1,102.1,105.9,99.8,0.575,0.505,97.5,98.2
1610612755,76ers,22400380,2024-12-21,102.1,131.3,100.1,130.4,0.382,0.464,96.5,97.74
1610612739,Cavaliers,22400380,2024-12-21,131.3,102.1,130.4,100.1,0.646,0.536,96.5,97.74
1610612756,Suns,22400387,2024-12-21,122.5,130.4,123.6,130.8,0.667,0.513,102.0,101.4
1610612765,Pistons,22400387,2024-12-21,130.4,122.5,130.8,123.6,0.633,0.487,102.0,101.4
1610612746,Clippers,22400385,2024-12-21,100.0,118.9,97.3,113.4,0.529,0.505,96.0,99.68
1610612742,Mavericks,22400385,2024-12-21,118.9,100.0,113.4,97.3,0.625,0.495,96.0,99.68
1610612759,Spurs,22400386,2024-12-21,116.3,95.9,113.0,92.2,0.75,0.541,98.0,101.44
1610612757,Trail Blazers,22400386,2024-12-21,95.9,116.3,92.2,113.0,0.553,0.459,98.0,101.44
1610612764,Wizards,22400382,2024-12-21,100.0,110.9,102.0,108.5,0.556,0.5,101.0,101.12
1610612749,Bucks,22400382,2024-12-21,110.9,100.0,108.5,102.0,0.795,0.5,101.0,101.12
1610612763,Grizzlies,22400378,2024-12-21,116.4,101.8,113.6,102.2,0.7,0.5,110.0,111.14
1610612737,Hawks,22400378,2024-12-21,101.8,116.4,102.2,113.6,0.744,0.5,110.0,111.14
1610612753,Magic,22400377,2024-12-21,122.2,112.9,118.8,112.3,0.558,0.5,100.0,101.68
1610612748,Heat,22400377,2024-12-21,112.9,122.2,112.3,118.8,0.444,0.5,100.0,101.68
1610612762,Jazz,22400379,2024-12-21,104.0,93.1,103.5,91.9,0.61,0.486,101.0,101.88
1610612751,Nets,22400379,2024-12-21,93.1,104.0,91.9,103.5,0.632,0.514,101.0,101.88
1610612750,Timberwolves,22400383,2024-12-21,106.2,116.5,102.0,116.4,0.75,0.514,97.0,99.06
1610612744,Warriors,22400383,2024-12-21,116.5,106.2,116.4,102.0,0.75,0.486,97.0,99.06
1610612741,Bulls,22400381,2024-12-21,96.1,120.6,92.6,121.6,0.757,0.442,102.0,103.5
1610612738,Celtics,22400381,2024-12-21,120.6,96.1,121.6,92.6,0.563,0.558,102.0,103.5
1610612758,Kings,22400389,2024-12-22,97.9,125.8,96.5,127.7,0.6,0.5,97.0,97.0
1610612754,Pacers,22400389,2024-12-22,125.8,97.9,127.7,96.5,0.72,0.5,97.0,97.0
1610612740,Pelicans,22400390,2024-12-22,106.6,110.0,103.9,110.8,0.74,0.46,109.13,110.13
1610612743,Nuggets,22400390,2024-12-22,110.0,106.6,110.8,103.9,0.694,0.54,109.13,110.13
1610612761,Raptors,22400388,2024-12-22,102.8,108.6,102.1,107.0,0.786,0.462,106.0,107.12
1610612745,Rockets,22400388,2024-12-22,108.6,102.8,107.0,102.1,0.45,0.538,106.0,107.12
1610612757,Trail Blazers,22400401,2024-12-23,108.0,129.4,103.5,128.2,0.535,0.535,101.0,103.66
1610612742,Mavericks,22400401,2024-12-23,129.4,108.0,128.2,103.5,0.563,0.465,101.0,103.66
1610612764,Wizards,22400400,2024-12-23,99.1,116.0,99.2,113.2,0.694,0.47,106.0,107.24
1610612760,Thunder,22400400,2024-12-23,116.0,99.1,113.2,99.2,0.532,0.53,106.0,107.24
1610612747,Lakers,22400404,2024-12-23,115.2,119.4,115.2,117.8,0.7,0.524,98.5,99.14
1610612765,Pistons,22400404,2024-12-23,119.4,115.2,117.8,115.2,0.511,0.476,98.5,99.14
1610612763,Grizzlies,22400399,2024-12-23,102.8,106.5,98.7,104.2,0.684,0.525,107.0,110.44
1610612746,Clippers,22400399,2024-12-23,106.5,102.8,104.2,98.7,0.524,0.475,107.0,110.44
1610612759,Spurs,22400394,2024-12-23,105.0,109.9,102.0,105.6,0.649,0.476,101.0,104.52
1610612755,76ers,22400394,2024-12-23,109.9,105.0,105.6,102.0,0.564,0.524,101.0,104.52
1610612754,Pacers,22400403,2024-12-23,111.0,107.1,110.1,105.8,0.578,0.535,99.0,100.04
1610612744,Warriors,22400403,2024-12-23,107.1,111.0,105.8,110.1,0.744,0.465,99.0,100.04
1610612749,Bucks,22400398,2024-12-23,109.8,90.1,111.5,89.8,0.6,0.525,101.5,100.88
1610612741,Bulls,22400398,2024-12-23,90.1,109.8,89.8,111.5,0.75,0.475,101.5,100.88
1610612761,Raptors,22400397,2024-12-23,117.9,132.4,119.9,129.0,0.667,0.436,105.5,106.02
1610612752,Knicks,22400397,2024-12-23,132.4,117.9,129.0,119.9,0.667,0.564,105.5,106.02
1610612750,Timberwolves,22400395,2024-12-23,102.0,114.7,102.2,115.3,0.795,0.534,102.0,101.58
1610612737,Hawks,22400395,2024-12-23,114.7,102.0,115.3,102.2,0.692,0.466,102.0,101.58
1610612756,Suns,22400402,2024-12-23,95.7,124.5,94.1,122.1,0.697,0.454,94.0,95.72
1610612743,Nuggets,22400402,2024-12-23,124.5,95.7,122.1,94.1,0.761,0.546,94.0,95.72
1610612762,Jazz,22400392,2024-12-23,115.3,125.3,110.3,123.9,0.711,0.57,98.5,101.28
1610612739,Cavaliers,22400392,2024-12-23,125.3,115.3,123.9,110.3,0.767,0.43,98.5,101.28
1610612753,Magic,22400393,2024-12-23,102.9,100.0,102.6,97.3,0.703,0.5,104.5,106.06
1610612738,Celtics,22400393,2024-12-23,100.0,102.9,97.3,102.6,0.351,0.5,104.5,106.06
1610612748,Heat,22400396,2024-12-23,115.8,101.1,116.3,98.1,0.75,0.5,94.5,95.68
1610612751,Nets,22400396,2024-12-23,101.1,115.8,98.1,116.3,0.697,0.5,94.5,95.68
1610612745,Rockets,22400391,2024-12-23,116.3,103.1,115.9,101.4,0.535,0.579,98.0,98.96
1610612766,Hornets,22400391,2024-12-23,103.1,116.3,101.4,115.9,0.676,0.421,98.0,98.96
1610612756,Suns,22400409,2024-12-25,118.3,107.5,117.3,108.3,0.756,0.484,93.0,93.06
1610612743,Nuggets,22400409,2024-12-25,107.5,118.3,108.3,117.3,0.556,0.516,93.0,93.06
1610612750,Timberwolves,22400406,2024-12-25,112.9,108.8,112.0,105.5,0.575,0.531,92.0,93.78
1610612742,Mavericks,22400406,2024-12-25,108.8,112.9,105.5,112.0,0.417,0.469,92.0,93.78
1610612747,Lakers,22400408,2024-12-25,121.1,118.9,118.7,115.9,0.732,0.465,95.0,97.2
1610612744,Warriors,22400408,2024-12-25,118.9,121.1,115.9,118.7,0.634,0.535,95.0,97.2
1610612759,Spurs,22400405,2024-12-25,118.8,120.6,116.9,123.1,0.786,0.495,96.5,96.26
1610612752,Knicks,22400405,2024-12-25,120.6,118.8,123.1,116.9,0.578,0.505,96.5,96.26
1610612755,76ers,22400407,2024-12-25,122.9,117.5,121.2,113.2,0.683,0.431,96.5,99.04
1610612738,Celtics,22400407,2024-12-25,117.5,122.9,113.2,121.2,0.558,0.569,96.5,99.04
1610612753,Magic,22400411,2024-12-26,90.7,92.7,89.0,92.6,0.412,0.56,96.5,97.54
1610612748,Heat,22400411,2024-12-26,92.7,90.7,92.6,89.0,0.677,0.44,96.5,97.54
1610612758,Kings,22400418,2024-12-26,113.0,114.0,113.6,111.8,0.513,0.485,100.0,100.72
1610612765,Pistons,22400418,2024-12-26,114.0,113.0,111.8,113.6,0.658,0.515,100.0,100.72
1610612760,Thunder,22400410,2024-12-26,120.0,114.0,120.5,115.5,0.455,0.462,100.0,99.12
1610612754,Pacers,22400410,2024-12-26,114.0,120.0,115.5,120.5,0.667,0.538,100.0,99.12
1610612741,Bulls,22400413,2024-12-26,126.7,133.0,123.6,133.1,0.679,0.461,105.5,106.8
1610612737,Hawks,22400413,2024-12-26,133.0,126.7,133.1,123.6,0.696,0.539,105.5,106.8
1610612761,Raptors,22400414,2024-12-26,111.5,137.2,106.9,133.9,0.796,0.388,113.0,116.84
1610612763,Grizzlies,22400414,2024-12-26,137.2,111.5,133.9,106.9,0.621,0.612,113.0,116.84
1610612749,Bucks,22400415,2024-12-26,105.0,112.1,101.7,107.1,0.561,0.522,99.5,103.48
1610612751,Nets,22400415,2024-12-26,112.1,105.0,107.1,101.7,0.641,0.478,99.5,103.48
1610612762,Jazz,22400417,2024-12-26,121.2,123.2,121.2,121.2,0.634,0.505,99.0,99.84
1610612757,Trail Blazers,22400417,2024-12-26,123.2,121.2,121.2,121.2,0.578,0.495,99.0,99.84
1610612740,Pelicans,22400416,2024-12-26,107.8,123.1,104.8,121.8,0.674,0.455,103.5,105.52
1610612745,Rockets,22400416,2024-12-26,123.1,107.8,121.8,104.8,0.413,0.545,103.5,105.52
1610612764,Wizards,22400412,2024-12-26,106.6,104.8,106.3,101.7,0.641,0.473,105.5,107.24
1610612766,Hornets,22400412,2024-12-26,104.8,106.6,101.7,106.3,0.756,0.527,105.5,107.24
1610612746,Clippers,22400426,2024-12-27,104.1,94.8,103.4,93.1,0.475,0.485,97.5,98.7
1610612744,Warriors,22400426,2024-12-27,94.8,104.1,93.1,103.4,0.686,0.515,97.5,98.7
1610612756,Suns,22400425,2024-12-27,95.7,106.5,93.8,102.6,0.719,0.51,92.5,95.2
1610612742,Mavericks,22400425,2024-12-27,106.5,95.7,102.6,93.8,0.686,0.49,92.5,95.2
1610612743,Nuggets,22400424,2024-12-27,128.6,140.6,126.3,138.4,0.736,0.489,105.5,107.3
1610612739,Cavaliers,22400424,2024-12-27,140.6,128.6,138.4,126.3,0.741,0.511,105.5,107.3
1610612754,Pacers,22400420,2024-12-27,108.2,144.9,104.0,146.8,0.711,0.451,97.5,98.88
1610612738,Celtics,22400420,2024-12-27,144.9,108.2,146.8,104.0,0.66,0.549,97.5,98.88
1610612740,Pelicans,22400423,2024-12-27,113.8,120.0,109.0,117.4,0.698,0.51,109.5,113.08
1610612763,Grizzlies,22400423,2024-12-27,120.0,113.8,117.4,109.0,0.714,0.49,109.5,113.08
1610612753,Magic,22400419,2024-12-27,89.5,113.7,86.5,112.5,0.625,0.426,95.0,97.12
1610612752,Knicks,22400419,2024-12-27,113.7,89.5,112.5,86.5,0.45,0.574,95.0,97.12
1610612759,Spurs,22400421,2024-12-27,101.1,93.5,102.3,87.4,0.813,0.481,94.0,96.7
1610612751,Nets,22400421,2024-12-27,93.5,101.1,87.4,102.3,0.629,0.519,94.0,96.7
1610612750,Timberwolves,22400422,2024-12-27,118.9,119.1,117.7,113.9,0.595,0.469,94.5,97.2
1610612745,Rockets,22400422,2024-12-27,119.1,118.9,113.9,117.7,0.422,0.531,94.5,97.2
1610612757,Trail Blazers,22400434,2024-12-28,122.3,117.3,120.3,117.9,0.587,0.531,103.5,104.1
1610612742,Mavericks,22400434,2024-12-28,117.3,122.3,117.9,120.3,0.465,0.469,103.5,104.1
1610612764,Wizards,22400429,2024-12-28,117.9,120.4,118.3,119.9,0.627,0.5,101.89,101.9
1610612752,Knicks,22400429,2024-12-28,120.4,117.9,119.9,118.3,0.51,0.5,101.89,101.9
1610612760,Thunder,22400428,2024-12-28,106.0,94.9,103.8,91.9,0.69,0.52,99.5,102.24
1610612766,Hornets,22400428,2024-12-28,94.9,106.0,91.9,103.8,0.586,0.48,99.5,102.24
1610612749,Bucks,22400430,2024-12-28,107.8,113.7,100.8,113.2,0.659,0.46,102.5,106.32
1610612741,Bulls,22400430,2024-12-28,113.7,107.8,113.2,100.8,0.733,0.54,102.5,106.32
1610612765,Pistons,22400432,2024-12-28,118.6,132.7,118.5,129.0,0.63,0.489,101.5,102.98
1610612743,Nuggets,22400432,2024-12-28,132.7,118.6,129.0,118.5,0.63,0.511,101.5,102.98
1610612756,Suns,22400431,2024-12-28,108.2,112.4,103.3,108.6,0.538,0.496,97.0,101.02
1610612744,Warriors,22400431,2024-12-28,112.4,108.2,108.6,103.3,0.634,0.504,97.0,101.02
1610612758,Kings,22400435,2024-12-28,124.5,133.3,120.1,134.0,0.76,0.542,98.5,100.06
1610612747,Lakers,22400435,2024-12-28,133.3,124.5,134.0,120.1,0.717,0.458,98.5,100.06
1610612762,Jazz,22400433,2024-12-28,113.3,116.3,107.1,117.2,0.628,0.588,98.0,100.44
1610612755,76ers,22400433,2024-12-28,116.3,113.3,117.2,107.1,0.611,0.412,98.0,100.44
1610612748,Heat,22400427,2024-12-28,110.0,122.4,111.2,120.4,0.575,0.479,99.0,99.3
1610612737,Hawks,22400427,2024-12-28,122.4,110.0,120.4,111.2,0.773,0.521,99.0,99.3
1610612760,Thunder,22400440,2024-12-29,122.6,99.1,119.0,95.3,0.673,0.46,106.5,110.26
1610612763,Grizzlies,22400440,2024-12-29,99.1,122.6,95.3,119.0,0.811,0.54,106.5,110.26
1610612748,Heat,22400439,2024-12-29,108.3,104.2,108.0,103.4,0.568,0.486,96.0,96.52
1610612745,Rockets,22400439,2024-12-29,104.2,108.3,103.4,108.0,0.632,0.514,96.0,96.52
1610612759,Spurs,22400441,2024-12-29,113.4,115.5,108.6,111.6,0.658,0.416,97.0,100.84
1610612750,Timberwolves,22400441,2024-12-29,115.5,113.4,111.6,108.6,0.535,0.584,97.0,100.84
1610612753,Magic,22400436,2024-12-29,115.9,116.1,112.1,108.2,0.811,0.505,87.5,92.16
1610612751,Nets,22400436,2024-12-29,116.1,115.9,108.2,112.1,0.688,0.495,87.5,92.16
1610612761,Raptors,22400438,2024-12-29,98.2,123.6,94.8,122.1,0.684,0.559,109.5,112.14
1610612737,Hawks,22400438,2024-12-29,123.6,98.2,122.1,94.8,0.652,0.441,109.5,112.14
1610612754,Pacers,22400437,2024-12-29,124.2,116.3,127.0,112.5,0.587,0.545,98.5,99.12
1610612738,Celtics,22400437,2024-12-29,116.3,124.2,112.5,127.0,0.605,0.455,98.5,99.12
1610612744,Warriors,22400446,2024-12-30,90.5,107.6,85.2,107.2,0.606,0.516,105.0,108.42
1610612739,Cavaliers,22400446,2024-12-30,107.6,90.5,107.2,85.2,0.568,0.484,105.0,108.42
1610612757,Trail Blazers,22400447,2024-12-30,106.2,128.9,98.8,125.5,0.622,0.513,97.0,101.92
1610612755,76ers,22400447,2024-12-30,128.9,106.2,125.5,98.8,0.465,0.488,97.0,101.92
1610612764,Wizards,22400443,2024-12-30,106.0,123.5,103.2,123.5,0.641,0.464,101.0,102.34
1610612752,Knicks,22400443,2024-12-30,123.5,106.0,123.5,103.2,0.756,0.536,101.0,102.34
1610612740,Pelicans,22400444,2024-12-30,115.3,119.6,115.1,115.0,0.714,0.432,97.5,99.52
1610612746,Clippers,22400444,2024-12-30,119.6,115.3,115.0,115.1,0.585,0.568,97.5,99.52
1610612762,Jazz,22400445,2024-12-30,121.0,130.7,115.6,127.7,0.636,0.418,100.5,104.02
1610612743,Nuggets,22400445,2024-12-30,130.7,121.0,127.7,115.6,0.717,0.582,100.5,104.02
1610612741,Bulls,22400442,2024-12-30,101.8,94.7,98.4,94.1,0.795,0.553,102.79,104.91
1610612766,Hornets,22400442,2024-12-30,94.7,101.8,94.1,98.4,0.548,0.447,102.79,104.91
1610612758,Kings,22400448,2024-12-30,106.8,97.1,103.4,95.5,0.595,0.623,103.0,105.56
1610612742,Mavericks,22400448,2024-12-30,97.1,106.8,95.5,103.4,0.531,0.377,103.0,105.56
1610612760,Thunder,22400452,2024-12-31,111.9,104.0,110.7,106.8,0.595,0.477,101.0,100.2
1610612750,Timberwolves,22400452,2024-12-31,104.0,111.9,106.8,110.7,0.538,0.523,101.0,100.2
1610612759,Spurs,22400451,2024-12-31,123.2,87.8,121.6,86.9,0.771,0.582,98.5,99.64
1610612746,Clippers,22400451,2024-12-31,87.8,123.2,86.9,121.6,0.567,0.418,98.5,99.64
1610612756,Suns,22400453,2024-12-31,106.7,110.4,101.8,106.8,0.667,0.465,105.5,109.76
1610612763,Grizzlies,22400453,2024-12-31,110.4,106.7,106.8,101.8,0.675,0.535,105.5,109.76
1610612761,Raptors,22400449,2024-12-31,73.2,130.2,72.6,130.8,0.667,0.476,96.5,96.72
1610612738,Celtics,22400449,2024-12-31,130.2,73.2,130.8,72.6,0.617,0.524,96.5,96.72
1610612749,Bucks,22400450,2024-12-31,110.1,102.8,112.6,99.8,0.6,0.482,109.0,109.38
1610612754,Pacers,22400450,2024-12-31,102.8,110.1,99.8,112.6,0.65,0.518,109.0,109.38
1610612747,Lakers,22400454,2024-12-31,110.0,122.0,105.4,120.2,0.619,0.495,100.0,102.92
1610612739,Cavaliers,22400454,2024-12-31,122.0,110.0,120.2,105.4,0.711,0.505,100.0,102.92
1610612743,Nuggets,22400461,2025-01-01,127.5,110.1,123.8,107.9,0.83,0.495,109.0,111.74
1610612737,Hawks,22400461,2025-01-01,110.1,127.5,107.9,123.8,0.756,0.505,109.0,111.74
1610612762,Jazz,22400458,2025-01-01,102.0,117.8,97.5,116.5,0.59,0.51,101.0,103.86
1610612752,Knicks,22400458,2025-01-01,117.8,102.0,116.5,97.5,0.66,0.49,101.0,103.86
1610612753,Magic,22400455,2025-01-01,98.0,107.1,92.5,103.5,0.486,0.427,98.0,102.64
1610612765,Pistons,22400455,2025-01-01,107.1,98.0,103.5,92.5,0.61,0.573,98.0,102.64
1610612758,Kings,22400462,2025-01-01,115.3,108.1,115.8,105.8,0.585,0.551,98.5,99.36
1610612755,76ers,22400462,2025-01-01,108.1,115.3,105.8,115.8,0.6,0.449,98.5,99.36
1610612745,Rockets,22400460,2025-01-01,112.2,99.0,100.8,103.1,0.381,0.529,99.0,102.58
1610612742,Mavericks,22400460,2025-01-01,99.0,112.2,103.1,100.8,0.475,0.471,99.0,102.58
1610612740,Pelicans,22400457,2025-01-01,113.7,126.6,112.9,118.7,0.625,0.463,94.5,97.96
1610612748,Heat,22400457,2025-01-01,126.6,113.7,118.7,112.9,0.773,0.537,94.5,97.96
1610612764,Wizards,22400456,2025-01-01,114.7,100.0,110.3,97.1,0.735,0.538,108.0,111.72
1610612741,Bulls,22400456,2025-01-01,100.0,114.7,97.1,110.3,0.683,0.462,108.0,111.72
1610612761,Raptors,22400459,2025-01-01,132.7,116.5,134.4,107.8,0.692,0.518,97.5,100.76
1610612751,Nets,22400459,2025-01-01,116.5,132.7,107.8,134.4,0.667,0.482,97.5,100.76
1610612749,Bucks,22400465,2025-01-02,111.1,114.1,106.5,112.6,0.525,0.5,99.0,101.82
1610612751,Nets,22400465,2025-01-02,114.1,111.1,112.6,106.5,0.684,0.5,99.0,101.82
1610612760,Thunder,22400466,2025-01-02,118.4,99.0,115.1,99.5,0.674,0.451,98.5,99.64
1610612746,Clippers,22400466,2025-01-02,99.0,118.4,99.5,115.1,0.658,0.549,98.5,99.64
1610612755,76ers,22400467,2025-01-02,106.1,140.4,104.0,138.2,0.5,0.447,99.0,100.78
1610612744,Warriors,22400467,2025-01-02,140.4,106.1,138.2,104.0,0.774,0.553,99.0,100.78
1610612748,Heat,22400463,2025-01-02,118.6,133.3,120.7,130.6,0.791,0.5,96.5,96.64
1610612754,Pacers,22400463,2025-01-02,133.3,118.6,130.6,120.7,0.686,0.5,96.5,96.64
1610612757,Trail Blazers,22400468,2025-01-02,109.3,117.5,106.8,116.1,0.6,0.516,97.0,98.7
1610612747,Lakers,22400468,2025-01-02,117.5,109.3,116.1,106.8,0.698,0.484,97.0,98.7
1610612750,Timberwolves,22400464,2025-01-02,133.7,137.2,129.7,133.1,0.649,0.566,86.0,88.66
1610612738,Celtics,22400464,2025-01-02,137.2,133.7,133.1,129.7,0.652,0.434,86.0,88.66
1610612758,Kings,22400476,2025-01-03,130.2,122.0,126.5,123.3,0.653,0.465,107.5,108.48
1610612763,Grizzlies,22400476,2025-01-03,122.0,130.2,123.3,126.5,0.721,0.535,107.5,108.48
1610612747,Lakers,22400477,2025-01-03,121.4,102.0,117.8,99.1,0.651,0.602,99.0,101.96
1610612737,Hawks,22400477,2025-01-03,102.0,121.4,99.1,117.8,0.537,0.398,99.0,101.96
1610612759,Spurs,22400475,2025-01-03,113.0,110.0,108.9,107.8,0.674,0.549,100.0,102.88
1610612743,Nuggets,22400475,2025-01-03,110.0,113.0,107.8,108.9,0.786,0.451,100.0,102.88
1610612761,Raptors,22400470,2025-01-03,109.0,117.8,108.1,119.8,0.737,0.448,89.5,89.1
1610612753,Magic,22400470,2025-01-03,117.8,109.0,119.8,108.1,0.865,0.552,89.5,89.1
1610612742,Mavericks,22400474,2025-01-03,117.3,128.8,117.1,127.9,0.674,0.542,104.0,104.5
1610612739,Cavaliers,22400474,2025-01-03,128.8,117.3,127.9,117.1,0.731,0.458,104.0,104.5
1610612765,Pistons,22400469,2025-01-03,100.0,94.9,98.3,92.0,0.538,0.537,98.5,100.96
1610612766,Hornets,22400469,2025-01-03,94.9,100.0,92.0,98.3,0.758,0.463,98.5,100.96
1610612764,Wizards,22400472,2025-01-03,118.8,128.2,116.6,131.1,0.622,0.56,102.0,101.78
1610612740,Pelicans,22400472,2025-01-03,128.2,118.8,131.1,116.6,0.75,0.44,102.0,101.78
1610612745,Rockets,22400471,2025-01-03,98.9,123.9,92.2,125.4,0.281,0.485,87.5,90.1
1610612738,Celtics,22400471,2025-01-03,123.9,98.9,125.4,92.2,0.513,0.515,87.5,90.1
1610612760,Thunder,22400473,2025-01-03,117.0,107.0,117.9,108.7,0.628,0.489,100.0,98.86
1610612752,Knicks,22400473,2025-01-03,107.0,117.0,108.7,117.9,0.512,0.511,100.0,98.86
1610612746,Clippers,22400486,2025-01-04,117.0,95.5,115.4,95.0,0.679,0.561,111.0,111.98
1610612737,Hawks,22400486,2025-01-04,95.5,117.0,95.0,115.4,0.789,0.439,111.0,111.98
1610612762,Jazz,22400481,2025-01-04,130.8,97.1,129.5,96.9,0.596,0.622,103.5,104.12
1610612748,Heat,22400481,2025-01-04,97.1,130.8,96.9,129.5,0.714,0.378,103.5,104.12
1610612759,Spurs,22400484,2025-01-04,100.9,113.0,98.3,109.8,0.683,0.496,98.72,101.45
1610612743,Nuggets,22400484,2025-01-04,113.0,100.9,109.8,98.3,0.681,0.504,98.72,101.45
1610612756,Suns,22400480,2025-01-04,112.5,128.6,113.4,125.7,0.789,0.407,97.0,97.74
1610612754,Pacers,22400480,2025-01-04,128.6,112.5,125.7,113.4,0.761,0.593,97.0,97.74
1610612752,Knicks,22400482,2025-01-04,117.8,131.1,120.8,131.2,0.563,0.542,106.5,105.12
1610612741,Bulls,22400482,2025-01-04,131.1,117.8,131.2,120.8,0.706,0.458,106.5,105.12
1610612763,Grizzlies,22400485,2025-01-04,113.0,122.2,106.6,121.0,0.63,0.593,99.5,103.04
1610612744,Warriors,22400485,2025-01-04,122.2,113.0,121.0,106.6,0.727,0.407,99.5,103.04
1610612757,Trail Blazers,22400483,2025-01-04,105.0,101.0,104.2,99.1,0.512,0.549,100.5,101.84
1610612749,Bucks,22400483,2025-01-04,101.0,105.0,99.1,104.2,0.61,0.451,100.5,101.84
1610612750,Timberwolves,22400479,2025-01-04,106.1,119.0,103.5,115.8,0.588,0.398,99.5,102.12
1610612765,Pistons,22400479,2025-01-04,119.0,106.1,115.8,103.5,0.578,0.602,99.5,102.12
1610612755,76ers,22400478,2025-01-04,116.0,89.5,116.9,88.4,0.738,0.558,105.5,105.78
1610612751,Nets,22400478,2025-01-04,89.5,116.0,88.4,116.9,0.647,0.442,105.5,105.78
1610612747,Lakers,22400491,2025-01-05,125.0,128.0,127.3,124.8,0.684,0.439,92.5,92.84
1610612745,Rockets,22400491,2025-01-05,128.0,125.0,124.8,127.3,0.404,0.561,92.5,92.84
1610612762,Jazz,22400490,2025-01-05,107.1,94.8,105.1,91.3,0.538,0.564,97.5,100.32
1610612753,Magic,22400490,2025-01-05,94.8,107.1,91.3,105.1,0.714,0.436,97.5,100.32
1610612758,Kings,22400492,2025-01-05,129.0,101.0,125.6,97.1,0.689,0.556,99.0,102.3
1610612744,Warriors,22400492,2025-01-05,101.0,129.0,97.1,125.6,0.595,0.444,99.0,102.3
1610612764,Wizards,22400489,2025-01-05,99.0,112.2,95.9,110.2,0.658,0.491,98.5,100.98
1610612740,Pelicans,22400489,2025-01-05,112.2,99.0,110.2,95.9,0.703,0.509,98.5,100.98
1610612760,Thunder,22400487,2025-01-05,107.1,94.8,105.3,92.4,0.564,0.505,97.5,99.64
1610612738,Celtics,22400487,2025-01-05,94.8,107.1,92.4,105.3,0.548,0.495,97.5,99.64
1610612739,Cavaliers,22400488,2025-01-05,115.0,106.1,112.7,102.6,0.659,0.476,99.5,102.2
1610612766,Hornets,22400488,2025-01-05,106.1,115.0,102.6,112.7,0.5,0.524,99.5,102.2
1610612754,Pacers,22400495,2025-01-06,120.2,104.2,117.6,102.2,0.55,0.434,94.5,96.48
1610612751,Nets,22400495,2025-01-06,104.2,120.2,102.2,117.6,0.561,0.566,94.5,96.48
1610612758,Kings,22400501,2025-01-06,106.0,101.7,105.6,101.8,0.667,0.535,96.0,96.13
1610612748,Heat,22400501,2025-01-06,101.7,106.0,101.8,105.6,0.581,0.465,96.0,96.13
1610612757,Trail Blazers,22400493,2025-01-06,117.3,121.6,113.6,116.1,0.667,0.439,97.5,101.44
1610612765,Pistons,22400493,2025-01-06,121.6,117.3,116.1,113.6,0.548,0.561,97.5,101.44
1610612759,Spurs,22400498,2025-01-06,106.8,110.7,105.5,105.9,0.705,0.495,103.0,105.94
1610612741,Bulls,22400498,2025-01-06,110.7,106.8,105.9,105.5,0.568,0.505,103.0,105.94
1610612750,Timberwolves,22400500,2025-01-06,112.5,111.6,110.8,107.1,0.585,0.527,95.5,98.24
1610612746,Clippers,22400500,2025-01-06,111.6,112.5,107.1,110.8,0.622,0.473,95.5,98.24
1610612763,Grizzlies,22400499,2025-01-06,114.4,98.1,112.9,97.6,0.6,0.509,105.0,106.0
1610612742,Mavericks,22400499,2025-01-06,98.1,114.4,97.6,112.9,0.625,0.491,105.0,106.0
1610612761,Raptors,22400497,2025-01-06,101.0,124.3,98.8,124.8,0.659,0.456,103.0,103.92
1610612749,Bucks,22400497,2025-01-06,124.3,101.0,124.8,98.8,0.787,0.544,103.0,103.92
1610612753,Magic,22400496,2025-01-06,113.2,103.3,115.8,102.5,0.59,0.494,91.0,90.3
1610612752,Knicks,22400496,2025-01-06,103.3,113.2,102.5,115.8,0.444,0.506,91.0,90.3
1610612756,Suns,22400494,2025-01-06,113.5,104.2,112.0,102.7,0.78,0.52,95.5,96.9
1610612755,76ers,22400494,2025-01-06,104.2,113.5,102.7,112.0,0.588,0.48,95.5,96.9
1610612764,Wizards,22400503,2025-01-07,113.1,135.0,112.2,137.6,0.512,0.455,99.5,98.96
1610612745,Rockets,22400503,2025-01-07,135.0,113.1,137.6,112.2,0.62,0.545,99.5,98.96
1610612762,Jazz,22400506,2025-01-07,119.8,122.8,110.0,120.9,0.625,0.545,101.0,106.3
1610612737,Hawks,22400506,2025-01-07,122.8,119.8,120.9,110.0,0.745,0.455,101.0,106.3
1610612747,Lakers,22400504,2025-01-07,103.2,128.3,107.1,125.3,0.588,0.405,93.0,92.36
1610612742,Mavericks,22400504,2025-01-07,128.3,103.2,125.3,107.1,0.644,0.595,93.0,92.36
1610612740,Pelicans,22400505,2025-01-07,100.0,105.1,91.9,100.6,0.657,0.479,98.0,104.46
1610612750,Timberwolves,22400505,2025-01-07,105.1,100.0,100.6,91.9,0.684,0.521,98.0,104.46
1610612743,Nuggets,22400507,2025-01-07,112.8,124.2,109.7,120.7,0.55,0.479,94.5,97.2
1610612738,Celtics,22400507,2025-01-07,124.2,112.8,120.7,109.7,0.682,0.521,94.5,97.2
1610612756,Suns,22400502,2025-01-07,103.0,113.9,100.6,109.8,0.692,0.426,101.0,104.06
1610612766,Hornets,22400502,2025-01-07,113.9,103.0,109.8,100.6,0.605,0.574,101.0,104.06
1610612748,Heat,22400508,2025-01-07,120.0,102.1,114.6,96.8,0.744,0.455,95.5,100.34
1610612744,Warriors,22400508,2025-01-07,102.1,120.0,96.8,114.6,0.7,0.545,95.5,100.34
1610612765,Pistons,22400513,2025-01-08,117.7,102.1,113.8,96.8,0.667,0.515,96.0,100.26
1610612751,Nets,22400513,2025-01-08,102.1,117.7,96.8,113.8,0.727,0.485,96.0,100.26
1610612764,Wizards,22400512,2025-01-08,112.0,118.5,105.1,114.3,0.619,0.581,92.0,96.66
1610612755,76ers,22400512,2025-01-08,118.5,112.0,114.3,105.1,0.525,0.419,92.0,96.66
1610612757,Trail Blazers,22400514,2025-01-08,128.0,108.7,127.0,104.3,0.5,0.521,92.5,94.78
1610612740,Pelicans,22400514,2025-01-08,108.7,128.0,104.3,127.0,0.475,0.479,92.5,94.78
1610612754,Pacers,22400510,2025-01-08,127.7,109.7,118.8,109.3,0.712,0.57,102.0,105.96
1610612741,Bulls,22400510,2025-01-08,109.7,127.7,109.3,118.8,0.523,0.43,102.0,105.96
1610612760,Thunder,22400509,2025-01-08,122.0,127.7,120.2,123.0,0.729,0.456,100.5,103.18
1610612739,Cavaliers,22400509,2025-01-08,127.7,122.0,123.0,120.2,0.766,0.544,100.5,103.18
1610612746,Clippers,22400515,2025-01-08,105.1,127.3,102.4,124.2,0.467,0.49,98.5,101.04
1610612743,Nuggets,22400515,2025-01-08,127.3,105.1,124.2,102.4,0.592,0.51,98.5,101.04
1610612759,Spurs,22400516,2025-01-08,106.1,121.0,104.2,118.9,0.686,0.438,99.5,101.3
1610612749,Bucks,22400516,2025-01-08,121.0,106.1,118.9,104.2,0.591,0.563,99.5,101.3
1610612761,Raptors,22400511,2025-01-08,103.2,117.9,105.8,114.5,0.658,0.391,95.0,95.2
1610612752,Knicks,22400511,2025-01-08,117.9,103.2,114.5,105.8,0.571,0.609,95.0,95.2
1610612757,Trail Blazers,22400521,2025-01-09,113.3,119.4,110.1,117.9,0.615,0.457,98.0,100.0
1610612742,Mavericks,22400521,2025-01-09,119.4,113.3,117.9,110.1,0.65,0.543,98.0,100.0
1610612762,Jazz,22400523,2025-01-09,94.8,101.0,95.4,98.4,0.606,0.481,96.5,97.54
1610612748,Heat,22400523,2025-01-09,101.0,94.8,98.4,95.4,0.722,0.519,96.5,97.54
1610612761,Raptors,22400517,2025-01-09,129.9,136.1,127.6,138.9,0.642,0.5,97.0,96.86
1610612739,Cavaliers,22400517,2025-01-09,136.1,129.9,138.9,127.6,0.66,0.5,97.0,96.86
1610612763,Grizzlies,22400520,2025-01-09,110.6,114.4,107.3,107.2,0.476,0.491,104.0,109.12
1610612745,Rockets,22400520,2025-01-09,114.4,110.6,107.2,107.3,0.512,0.509,104.0,109.12
1610612744,Warriors,22400518,2025-01-09,110.3,108.3,111.4,102.9,0.78,0.545,96.5,98.54
1610612765,Pistons,22400518,2025-01-09,108.3,110.3,102.9,111.4,0.641,0.455,96.5,98.54
1610612753,Magic,22400519,2025-01-09,95.7,113.0,90.5,109.9,0.636,0.527,92.5,96.5
1610612750,Timberwolves,22400519,2025-01-09,113.0,95.7,109.9,90.5,0.618,0.473,92.5,96.5
1610612756,Suns,22400522,2025-01-09,128.1,118.6,128.7,119.2,0.673,0.585,96.5,96.04
1610612737,Hawks,22400522,2025-01-09,118.6,128.1,119.2,128.7,0.762,0.415,96.5,96.04
1610612753,Magic,22400526,2025-01-10,110.4,112.4,109.9,110.0,0.541,0.49,96.5,97.78
1610612749,Bucks,22400526,2025-01-10,112.4,110.4,110.0,109.9,0.419,0.51,96.5,97.78
1610612760,Thunder,22400529,2025-01-10,123.5,99.0,121.2,98.9,0.417,0.51,102.0,103.02
1610612752,Knicks,22400529,2025-01-10,99.0,123.5,98.9,121.2,0.486,0.49,102.0,103.02
1610612755,76ers,22400527,2025-01-10,117.3,125.5,118.1,120.1,0.548,0.455,98.0,99.9
1610612740,Pelicans,22400527,2025-01-10,125.5,117.3,120.1,118.1,0.705,0.545,98.0,99.9
1610612758,Kings,22400528,2025-01-10,114.0,98.0,111.8,96.3,0.591,0.555,99.5,101.32
1610612738,Celtics,22400528,2025-01-10,98.0,114.0,96.3,111.8,0.647,0.445,99.5,101.32
1610612743,Nuggets,22400531,2025-01-10,122.8,102.9,118.6,99.7,0.756,0.55,101.5,104.94
1610612751,Nets,22400531,2025-01-10,102.9,122.8,99.7,118.6,0.684,0.45,101.5,104.94
1610612754,Pacers,22400525,2025-01-10,110.2,99.0,110.9,96.3,0.628,0.536,97.5,98.54
1610612744,Warriors,22400525,2025-01-10,99.0,110.2,96.3,110.9,0.658,0.464,97.5,98.54
1610612764,Wizards,22400530,2025-01-10,100.0,131.4,98.4,131.2,0.667,0.444,105.0,105.94
1610612741,Bulls,22400530,2025-01-10,131.4,100.0,131.2,98.4,0.736,0.556,105.0,105.94
1610612750,Timberwolves,22400535,2025-01-11,122.5,124.5,120.9,117.2,0.787,0.441,102.0,105.86
1610612763,Grizzlies,22400535,2025-01-11,124.5,122.5,117.2,120.9,0.521,0.559,102.0,105.86
1610612761,Raptors,22400534,2025-01-11,114.0,123.0,113.0,119.1,0.675,0.485,100.0,102.06
1610612765,Pistons,22400534,2025-01-11,123.0,114.0,119.1,113.0,0.795,0.515,100.0,102.06
1610612757,Trail Blazers,22400536,2025-01-11,101.0,122.7,93.9,116.6,0.667,0.55,97.0,103.2
1610612748,Heat,22400536,2025-01-11,122.7,101.0,116.6,93.9,0.705,0.45,97.0,103.2
1610612762,Jazz,22400533,2025-01-11,112.8,121.3,110.5,122.1,0.619,0.539,94.0,94.64
1610612756,Suns,22400533,2025-01-11,121.3,112.8,122.1,110.5,0.591,0.461,94.0,94.64
1610612755,76ers,22400544,2025-01-12,107.6,113.0,102.4,106.9,0.515,0.419,92.0,97.0
1610612753,Magic,22400544,2025-01-12,113.0,107.6,106.9,102.4,0.59,0.581,92.0,97.0
1610612752,Knicks,22400539,2025-01-12,140.0,107.1,139.2,105.5,0.569,0.543,99.5,100.52
1610612749,Bucks,22400539,2025-01-12,107.1,140.0,105.5,139.2,0.512,0.457,99.5,100.52
1610612758,Kings,22400541,2025-01-12,122.8,116.7,122.5,116.9,0.702,0.524,101.5,101.52
1610612741,Bulls,22400541,2025-01-12,116.7,122.8,116.9,122.5,0.605,0.476,101.5,101.52
1610612743,Nuggets,22400540,2025-01-12,115.5,105.2,110.0,101.0,0.5,0.59,96.5,100.9
1610612742,Mavericks,22400540,2025-01-12,105.2,115.5,101.0,110.0,0.771,0.41,96.5,100.9
1610612762,Jazz,22400546,2025-01-12,108.7,106.7,107.9,107.4,0.625,0.445,93.74,93.83
1610612751,Nets,22400546,2025-01-12,106.7,108.7,107.4,107.9,0.667,0.555,93.74,93.83
1610612764,Wizards,22400545,2025-01-12,89.6,128.3,88.4,125.5,0.714,0.404,106.0,107.96
1610612760,Thunder,22400545,2025-01-12,128.3,89.6,125.5,88.4,0.578,0.596,106.0,107.96
1610612756,Suns,22400547,2025-01-12,118.8,114.1,119.2,111.0,0.738,0.45,100.0,101.24
1610612766,Hornets,22400547,2025-01-12,114.1,118.8,111.0,119.2,0.732,0.55,100.0,101.24
1610612754,Pacers,22400543,2025-01-12,109.1,94.9,104.9,95.0,0.698,0.557,98.5,100.42
1610612739,Cavaliers,22400543,2025-01-12,94.9,109.1,95.0,104.9,0.727,0.443,98.5,100.42
1610612740,Pelicans,22400542,2025-01-12,117.8,118.8,117.3,114.2,0.6,0.413,101.0,103.28
1610612738,Celtics,22400542,2025-01-12,118.8,117.8,114.2,117.3,0.523,0.587,101.0,103.28
1610612764,Wizards,22400548,2025-01-13,106.0,118.8,105.4,118.1,0.675,0.367,100.5,101.12
1610612750,Timberwolves,22400548,2025-01-13,118.8,106.0,118.1,105.4,0.488,0.633,100.5,101.12
1610612748,Heat,22400553,2025-01-13,98.0,109.0,98.1,106.4,0.667,0.5,100.0,101.16
1610612746,Clippers,22400553,2025-01-13,109.0,98.0,106.4,98.1,0.622,0.5,100.0,101.16
1610612759,Spurs,22400552,2025-01-13,131.3,106.3,128.8,104.0,0.625,0.505,96.0,97.92
1610612747,Lakers,22400552,2025-01-13,106.3,131.3,104.0,128.8,0.615,0.495,96.0,97.92
1610612752,Knicks,22400549,2025-01-13,119.0,124.0,118.1,121.7,0.65,0.511,100.0,101.34
1610612765,Pistons,22400549,2025-01-13,124.0,119.0,121.7,118.1,0.435,0.489,100.0,101.34
1610612761,Raptors,22400550,2025-01-13,110.6,107.4,111.1,102.4,0.683,0.486,94.0,96.14
1610612744,Warriors,22400550,2025-01-13,107.4,110.6,102.4,111.1,0.657,0.514,94.0,96.14
1610612763,Grizzlies,22400551,2025-01-13,118.0,121.2,114.3,116.9,0.333,0.46,99.5,102.94
1610612745,Rockets,22400551,2025-01-13,121.2,118.0,116.9,114.3,0.683,0.54,99.5,102.94
1610612743,Nuggets,22400559,2025-01-14,119.2,99.0,116.1,95.5,0.651,0.594,99.5,102.68
1610612742,Mavericks,22400559,2025-01-14,99.0,119.2,95.5,116.1,0.711,0.406,99.5,102.68
1610612740,Pelicans,22400557,2025-01-14,119.0,110.8,113.9,108.4,0.762,0.444,101.0,104.36
1610612741,Bulls,22400557,2025-01-14,110.8,119.0,108.4,113.9,0.689,0.556,101.0,104.36
1610612757,Trail Blazers,22400560,2025-01-14,115.2,130.7,113.4,130.8,0.513,0.457,100.0,100.74
1610612751,Nets,22400560,2025-01-14,130.7,115.2,130.8,113.4,0.735,0.543,100.0,100.74
1610612754,Pacers,22400554,2025-01-14,115.8,124.5,110.7,122.5,0.682,0.458,101.5,104.66
1610612739,Cavaliers,22400554,2025-01-14,124.5,115.8,122.5,110.7,0.581,0.542,101.5,104.66
1610612758,Kings,22400558,2025-01-14,115.0,128.7,111.7,123.9,0.595,0.458,100.5,103.92
1610612749,Bucks,22400558,2025-01-14,128.7,115.0,123.9,111.7,0.653,0.542,100.5,103.92
1610612756,Suns,22400556,2025-01-14,114.7,118.4,113.7,117.9,0.651,0.416,102.5,103.16
1610612737,Hawks,22400556,2025-01-14,118.4,114.7,117.9,113.7,0.512,0.584,102.5,103.16
1610612755,76ers,22400555,2025-01-14,103.0,120.4,98.3,121.7,0.622,0.5,98.5,100.36
1610612760,Thunder,22400555,2025-01-14,120.4,103.0,121.7,98.3,0.711,0.5,98.5,100.36
1610612761,Raptors,22400562,2025-01-15,117.0,103.2,117.5,102.2,0.778,0.547,94.0,94.26
1610612738,Celtics,22400562,2025-01-15,103.2,117.0,102.2,117.5,0.667,0.453,94.0,94.26
1610612741,Bulls,22400563,2025-01-15,88.7,105.8,90.0,103.1,0.59,0.509,105.0,105.54
1610612737,Hawks,22400563,2025-01-15,105.8,88.7,103.1,90.0,0.683,0.491,105.0,105.54
1610612746,Clippers,22400571,2025-01-15,129.9,69.8,123.3,67.2,0.605,0.535,96.5,100.94
1610612751,Nets,22400571,2025-01-15,69.8,129.9,67.2,123.3,0.6,0.465,96.5,100.94
1610612762,Jazz,22400569,2025-01-15,110.9,115.8,108.2,115.6,0.698,0.438,101.0,102.36
1610612766,Hornets,22400569,2025-01-15,115.8,110.9,115.6,108.2,0.6,0.563,101.0,102.36
1610612745,Rockets,22400568,2025-01-15,137.6,114.9,130.0,113.4,0.571,0.54,93.5,96.86
1610612743,Nuggets,22400568,2025-01-15,114.9,137.6,113.4,130.0,0.55,0.46,93.5,96.86
1610612748,Heat,22400570,2025-01-15,113.7,123.2,111.8,120.4,0.641,0.513,95.0,96.88
1610612747,Lakers,22400570,2025-01-15,123.2,113.7,120.4,111.8,0.702,0.488,95.0,96.88
1610612759,Spurs,22400567,2025-01-15,111.7,124.0,109.6,123.5,0.55,0.454,103.5,104.68
1610612763,Grizzlies,22400567,2025-01-15,124.0,111.7,123.5,109.6,0.549,0.546,103.5,104.68
1610612753,Magic,22400564,2025-01-15,88.6,116.2,85.9,115.7,0.727,0.406,105.0,106.82
1610612749,Bucks,22400564,2025-01-15,116.2,88.6,115.7,85.9,0.533,0.594,105.0,106.82
1610612755,76ers,22400561,2025-01-15,122.7,127.6,120.0,128.1,0.587,0.438,88.3,89.08
1610612752,Knicks,22400561,2025-01-15,127.6,122.7,128.1,120.0,0.609,0.562,88.3,89.08
1610612750,Timberwolves,22400565,2025-01-15,127.8,127.5,125.3,128.5,0.553,0.469,90.5,91.0
1610612744,Warriors,22400565,2025-01-15,127.5,127.8,128.5,125.3,0.65,0.531,90.5,91.0
1610612740,Pelicans,22400566,2025-01-15,115.5,112.6,116.0,105.5,0.558,0.467,103.0,106.28
1610612742,Mavericks,22400566,2025-01-15,112.6,115.5,105.5,116.0,0.628,0.533,103.0,106.28
1610612754,Pacers,22400572,2025-01-16,108.8,98.0,105.0,94.6,0.683,0.439,102.0,105.68
1610612765,Pistons,22400572,2025-01-16,98.0,108.8,94.6,105.0,0.611,0.561,102.0,105.68
1610612764,Wizards,22400573,2025-01-16,116.0,123.8,117.3,124.2,0.609,0.485,105.5,104.76
1610612756,Suns,22400573,2025-01-16,123.8,116.0,124.2,117.3,0.75,0.515,105.5,104.76
